Pilot,Project 1
40001018,40003002
40001024,40003017
40003002,40005027
40003017,40005038
40004012,40005043
40005027,40007028
40005038,40008029
40005043,40010017
40006002,40010023
40006005,40012005
40006016,40012007
40007028,40012018
40008010,40012028
40008029,40015006
40009008,40015032
40009022,40017012
40009033,40018012
40010023,40019004
40011012a,40019012
40011012b,40019028
40011021a,40020012
40011021b,40021042
40011023a,40022031
40011023b,40022034
40011025a,40023023
40011025b,40023030
40011027a,40024043
40011027b,40025021
40012007a,40025027
40012007b,40026047
40012018,40026055
40012028,40026065
40013051,40027060
40013052,40028005
40014004,40028007
40015006,41001015
40015013,41001024
40015032,41002017
40017009,41004015
40017012,41004016
40018012,41004018
40018013a,41004029
40018013b,41005018
40018015,41006014
40018031,41007029
40019006,41009009
40019011,41009013
40019012,41011017
40019020,41013023
40019027,41014041
40019028,41014048
40019029,41014064
40020007,41015046
40020012a,41016006
40020012b,41016008
40020012c,41016010
40020023,41016011
40021016,41016014
40021042a,41016019
40221042b,42001017
40022004,42001048
40022031,42002015
40022034,42002017
40023023,42002030
40023030,42003019
40024043a,42004018
40024043b,42004034
40024043c,42005026
40025021,42007022
40025027a,42008012
40025027b,42008027
40026001,42008030
40026009a,42008043
40026009b,42008048
40026024a,42009008
40026024b,42009019
40026056,42009036
40026065,42011020
40027004,42012003
40027019,42012039
40027023,42012051
40027046,42013007
40027060,42013009
40028005,42015024
40028006,42015032
40028007a,42018028
40028007b,42019008
40028018,42019009
40028020,42019037
41001015,42019046
41001024,42020039
41002012,42022028
41002017,42023008
41003021,42023022
41003026,42024006
41004015a,42024018
41004015b,42024025
41004016,42024034
41004018,43001034
41004029,43003011
41005014,43003019
41005015,43003032
41005018,43003034
41005020,43004001
41005032,43005006
41005034,43005036
41006014a,43005038
41006014b,43005045
41006030,43006017
41006052,43006027
41007029,43006029
41009009a,43006036
41009009b,43006039
41009013a,43006045
41009013b,43006046
41009021,43007008
41009034,43007051
41010009,43008038
41010020,43008042
41010028a,43009018
41010028b,43009022
41010029,43011017
41010040,43011021
41010052,43011032
41011002,43011034
41011017,43011039
41012010,43011057
41013023,43012018
41014005a,43012019
41014005b,43012023
41014009,43012034
41014021a,43012046
41014021b,43012049
41014023,43013001
41014041,43013015
41014064,43013018
41015014,43013038
41015034,43014007
41015046,43014009
41016002,43015003
41016006a,43015015
41016006b,43015022
41016008,43015024
41016010,43015027
41016011,43016001
41016014a,43016006
41016014b,43016015
41016019,43016021
42001001a,43016025
42001001b,43017001
42001003,43017002
42001013,43017006
42001017,43017022
42001019,43019022
42001020,43020015
42001025,43020018
42001030,44001007
42001034,44002025
42001036,44002028
42001048,44002030
42001049,44002045
42001054,44004013
42001068a,44004016
42001068b,44004020
42002015,44006011
42002017,44007034
42002020a,44007044
42002020b,44008024
42002030,44008027
42002037,44009012
42002039,44009013
42002048a,44009027
42002048b,44009038
42003019,44010020
42004006,44010022
42004013,44010033
42004018,44011013
42004034,44013033
42004035,44014011
42005002,44014026
42005026,44014027
42006024,44015024
42007016a,44015027
42007016b,44015030
42007016c,44016034
42007016d,44016036
42007022a,44016037
42007022b,44017006
42007045,44017028
42008002a,44018025
42008002b,44019018
42008012,44019021
42008030,44020036
42008035,44021019
42008039a,44021020
42008039b,44021024
42008048,44021025
42008056,44021029
42009008a,44021033
42009008b,44022014
42009010,44022015
42009019,44022029
42009036,44023001
42010013a,44023014
42010013b,44024003
42010019,44024005
42010022,44024010
42010042,44025024
42011020,44025026
42011042,44026016
42012003a,44026032
42012003b,44027021
42012005,44028021
42012039a,44028025
42012039b,44028027
42012039c,45003021
42012051,45004017
42013007a,45004018
42013007b,45005005
42013016,45006005
42013034,45007006
42014022,45008002
42015018,45008033
42015021,45009017
42015024,45009029
42015027,45010005
42015029a,45010015
42015029b,45010016
42015029c,45010021
42015032,45011011
42016011,45011034
42016012,45015020
42017010a,45015024
42017010b,45015028
42017010c,45015031
42017019,45016002
42018021,45016019
42018028,46002008
42018029,46002012
42018042,46002016
42019008,46003010
42019009,46004018
42019015,46009019
42019016,46010011
42019018,46010013
42019030,46012018
42019037,46012028
42019046,46013001
42020039,46014036
42022015,46015015
42022017,46015020
42022022,46015032
42022028,46015049
42022032,46016015
42022071,47001010
42023008,47002010
42023014,47004002
42023015,47004004
42023022a,47005010
42023022b,47005016
42023041,47005017
42024001,47005019
42024004,47006011
42024006,47007003
42024018,47007014
42024023,47008018
42024025,47009003
42024030,47011021
42024034,47011025
43001018,47012011
43001034a,48002002
43001034b,48002007
43001041,48003015
43001045,48003019
43002004,48003025
43002010a,48004009
43002010b,48004016
43003011,48005024
43003013,49001003
43003018a,49001013
43003018b,49001018
43003019,49002005
43003024,49002008
43003028,49006022
43003032a,50002026
43003032b,50002028
43003034,50003017
43003035,50004010
43004001,50004018
43004010,51001004
43004018,51001025
43004029,51002006
43004039,51002012
43005006,51002013
43005022,51002018
43005024,51003025
43005033,51004008
43005036,51004011
43005037a,51004016
43005037b,52002008
43005038,52002016
43005045,52004001
43006013,53002002
43006017,54001019
43006027,54003013
43006029,54004006
43006036,54004010
43006039,54005010
43006045,54005012
43006046a,54006016
43006046b,55001009
43007008,55001012
43007015,55002002
43007030,55003015
43007031,55004006
43007046,55004007
43007051,56003008
43008020,57001007
43008025,58001004
43008028,58001010
43008029,58003014
43008033,58005005
43008038,58006005
43008042,58006020
43008057,58007011
43009018a,58007019
43009018b,58007021
43009022,58007023
43010018,58008007
43010029,58009019
43010032,58009024
43011011,58010007
43011012,58011013
43011021a,58012004
43011021b,58012011
43011032a,58012017
43011032b,58012018
43011034,58012019
43011037,58012022
43011039a,58012024
43011039b,58013002
43011046,58013005
43011057,59001012
43012016,59002006
43012018,59002011
43012019,59003007
43012023,59005004
43012028,59005011
43012034,60001002
43012038a,60002024
43012038b,60004010
43012040,60004017
43012046,62001001
43012049,62001002
43013001,62001003
43013003,62002013
43013012,62002014
43013015a,62002018
43013015b,62002019
43013018,62003009
43013034,62004004
43013038,62004012
43014002,62004013
43014007a,62004020
43014007b,62005020
43014007c,63001004
43014009a,63001007
43014009b,65001015
43014009c,66001019
43014009d,66002023
43014009e,66002025
43014028,66003017
43015003,66005001
43015009,66005005
43015010,66006017
43015012,66007003
43015015a,66010010
43015015b,66011015
43015018,66011018
43015022a,66012010
43015022b,66012012
43015024a,66013018
43015024b,66014007
43015024c,66014015
43015024d,66016005
43016001,66016006
43016006,66017010
43016011,66018002
43016021,66018005
43016024,66018010
43016025,66019002
43016033,66019007
43017001,66019020
43017002a,66022016
43017002b,
43017003,
43017006,
43017011,
43017012,
43017022,
43017024,
43017025,
43017026,
43018011,
43018020,
43018035,
43019006,
43019022a,
43019022b,
43019041,
43020002,
43020012,
43020013,
43020015,
43020018,
43020025,
43020029,
43021015,
44001007,
44002028,
44002030,
44002033,
44002034,
44002036,
44003002,
44003013,
44003016,
44004016,
44004020a,
44004020b,
44004027,
44005004,
44005009,
44005026,
44005028,
44006011,
44007034a,
44007034b,
44007034c,
44007042,
44007044a,
44007044b,
44007052a,
44007052b,
44007052c,
44007053a,
44007053b,
44008014,
44008016,
44008024,
44008025a,
44008025b,
44008027,
44009012,
44009013a,
44009013b,
44009027a,
44009027b,
44009027c,
44009038,
44010014,
44010015,
44010020,
44010033,
44010047,
44011008,
44011009,
44011013,
44011018,
44012025,
44013001,
44013002,
44013029,
44013033a,
44013033b,
44014008,
44014011,
44014013,
44014017,
44014023,
44014025,
44014026,
44014027a,
44014027b,
44015004,
44015016,
44015019,
44015021,
44015024a,
44015024b,
44015026,
44015027,
44015030,
44015036,
44016010,
44016027,
44016036,
44016037a,
44016037b,
44017006a,
44017006b,
44017028,
44017031a,
44017031b,
44018025,
44019002,
44019012,
44019018,
44019021,
44019026a,
44019026b,
44020013,
44020025,
44020028,
44020036,
44021019,
44021020,
44021021,
44021023,
44021024,
44021025,
44021029a,
44021029b,
44021033,
44022014,
44022015a,
44022015b,
44022025,
44022029,
44023001,
44023009,
44023012,
44023014a,
44023014b,
44023020,
44023021,
44023022,
44024003,
44024005,
44024010,
44024019,
44025008,
44025010,
44025011,
44025012,
44025024,
44025025a,
44025025b,
44025026,
44026016a,
44026016b,
44026024,
44026032a,
44026032b,
44027009,
44027021,
44027024,
44027038,
44028017,
44028021a,
44028021b,
44028025,
44028027a,
44028027b,
44028028,
59001012,
59002006,
59002011,
59003007,
59005004,
59005006a,
59005006b,
59005011a,
59005011b,
59005011c,